id;route_long_name;stop_id;stop_name;stop_lon;stop_lat;operatorname;shortname;mode;pointgeo;nom_commune;code_insee;
IDFM:C01371;1;IDFM:22088;Argentine;2.289435418542214;48.87566737659971;RATP;1;Metro;48.87566737659971, 2.289435418542214;Paris;75056;0
IDFM:C01371;1;IDFM:463019;Bastille;2.368692796099789;48.85196422011205;RATP;1;Metro;48.85196422011205, 2.368692796099789;Paris;75056;0
IDFM:C01371;1;IDFM:22105;Bérault;2.4292049740990573;48.84540614839331;RATP;1;Metro;48.84540614839331, 2.4292049740990573;Vincennes;94080;0
IDFM:C01371;1;IDFM:22090;Champs-Élysées - Clemenceau;2.314397292025236;48.867583959552555;RATP;1;Metro;48.867583959552555, 2.314397292025236;Paris;75056;0
IDFM:C01371;1;IDFM:22086;Charles de Gaulle - Etoile;2.2951172138230334;48.87392926445533;RATP;1;Metro;48.87392926445533, 2.2951172138230334;Paris;75056;0
IDFM:C01371;1;IDFM:463149;Château de Vincennes;2.440540095406114;48.84431751431355;RATP;1;Metro;48.84431751431355, 2.440540095406114;Paris;75056;0
IDFM:C01371;1;IDFM:22087;Châtelet;2.3457609541847755;48.85922471342816;RATP;1;Metro;48.85922471342816, 2.3457609541847755;Paris;75056;0
IDFM:C01371;1;IDFM:22085;Concorde;2.3228909937191604;48.866472156532026;RATP;1;Metro;48.866472156532026, 2.3228909937191604;Paris;75056;0
IDFM:C01371;1;IDFM:463170;Esplanade de la Défense;2.249931086743073;48.88834989394862;RATP;1;Metro;48.88834989394862, 2.249931086743073;Courbevoie;92026;0
IDFM:C01371;1;IDFM:22082;Franklin D. Roosevelt;2.309359666519628;48.8691648256349;RATP;1;Metro;48.8691648256349, 2.309359666519628;Paris;75056;0
IDFM:C01371;1;IDFM:463197;Gare de Lyon;2.373125016776689;48.84575948671397;RATP;1;Metro;48.84575948671397, 2.373125016776689;Paris;75056;0
IDFM:C01371;1;IDFM:463185;George V;2.300759784978918;48.87203776458909;RATP;1;Metro;48.87203776458909, 2.300759784978918;Paris;75056;0
IDFM:C01371;1;IDFM:22091;Hôtel de Ville;2.3520676701391;48.85735240518587;RATP;1;Metro;48.85735240518587, 2.3520676701391;Paris;75056;0
IDFM:C01371;1;IDFM:22101;La Défense (Grande Arche);2.2379881830988277;48.89181786646099;RATP;1;Metro;48.89181786646099, 2.2379881830988277;Puteaux;92062;0
IDFM:C01371;1;IDFM:463217;Les Sablons;2.271904762259129;48.88129083793358;RATP;1;Metro;48.88129083793358, 2.271904762259129;Neuilly-sur-Seine;92051;0
IDFM:C01371;1;IDFM:22081;Louvre - Rivoli;2.3409026134809903;48.86078090878698;RATP;1;Metro;48.86078090878698, 2.3409026134809903;Paris;75056;0
IDFM:C01371;1;IDFM:22080;Nation;2.3958439887237373;48.848084289973976;RATP;1;Metro;48.848084289973976, 2.3958439887237373;Paris;75056;0
IDFM:C01371;1;IDFM:463227;Palais Royal - Musée du Louvre;2.336561574182243;48.862366755622624;RATP;1;Metro;48.862366755622624, 2.336561574182243;Paris;75056;0
IDFM:C01371;1;IDFM:463044;Pont de Neuilly;2.2585225729481575;48.8854985504452;RATP;1;Metro;48.8854985504452, 2.2585225729481575;Neuilly-sur-Seine;92051;0
IDFM:C01371;1;IDFM:22077;Porte de Vincennes;2.4108049967015006;48.84700773108863;RATP;1;Metro;48.84700773108863, 2.4108049967015006;Paris;75056;0
IDFM:C01371;1;IDFM:463257;Porte Maillot;2.2822896139411903;48.877805650437985;RATP;1;Metro;48.877805650437985, 2.2822896139411903;Paris;75056;0
IDFM:C01371;1;IDFM:22076;Reuilly - Diderot;2.386056169673362;48.84723403765801;RATP;1;Metro;48.84723403765801, 2.386056169673362;Paris;75056;0
IDFM:C01371;1;IDFM:463040;Saint-Mandé;2.4189897063438073;48.84622934735893;RATP;1;Metro;48.84622934735893, 2.4189897063438073;Saint-Mandé;94067;0
IDFM:C01371;1;IDFM:463307;Saint-Paul (Le Marais);2.3609713728017505;48.85527781668134;RATP;1;Metro;48.85527781668134, 2.3609713728017505;Paris;75056;0
IDFM:C01371;1;IDFM:463041;Tuileries;2.3296780947116416;48.864477839314645;RATP;1;Metro;48.864477839314645, 2.3296780947116416;Paris;75056;0
IDFM:C01372;2;IDFM:22122;Alexandre Dumas;2.3945914186721278;48.856199097341126;RATP;2;Metro;48.856199097341126, 2.3945914186721278;Paris;75056;0
IDFM:C01372;2;IDFM:463120;Anvers;2.3441548403302916;48.882868568843925;RATP;2;Metro;48.882868568843925, 2.3441548403302916;Paris;75056;0
IDFM:C01372;2;IDFM:463125;Avron;2.3980666384995177;48.85161645805963;RATP;2;Metro;48.85161645805963, 2.3980666384995177;Paris;75056;0
IDFM:C01372;2;IDFM:463094;Barbès - Rochechouart;2.350573400888514;48.883852349861876;RATP;2;Metro;48.883852349861876, 2.350573400888514;Paris;75056;0
IDFM:C01372;2;IDFM:463111;Belleville;2.376640589315146;48.87225013398613;RATP;2;Metro;48.87225013398613, 2.376640589315146;Paris;75056;0
IDFM:C01372;2;IDFM:463113;Blanche;2.3324843754343627;48.88376635447715;RATP;2;Metro;48.88376635447715, 2.3324843754343627;Paris;75056;0
IDFM:C01372;2;IDFM:463043;Charles de Gaulle - Etoile;2.295927507409278;48.87494579313413;RATP;2;Metro;48.87494579313413, 2.295927507409278;Paris;75056;0
IDFM:C01372;2;IDFM:22120;Colonel Fabien;2.3705761028196575;48.877695345805535;RATP;2;Metro;48.877695345805535, 2.3705761028196575;Paris;75056;0
IDFM:C01372;2;IDFM:463154;Courcelles;2.3032943624252122;48.87926525411311;RATP;2;Metro;48.87926525411311, 2.3032943624252122;Paris;75056;0
IDFM:C01372;2;IDFM:22126;Couronnes;2.3805336747351005;48.86932051914457;RATP;2;Metro;48.86932051914457, 2.3805336747351005;Paris;75056;0
IDFM:C01372;2;IDFM:22118;Jaurès;2.370269867509251;48.88159683079925;RATP;2;Metro;48.88159683079925, 2.370269867509251;Paris;75056;0
IDFM:C01372;2;IDFM:462982;La Chapelle;2.360430336162137;48.88447648340964;RATP;2;Metro;48.88447648340964, 2.360430336162137;Paris;75056;0
IDFM:C01372;2;IDFM:22116;Ménilmontant;2.38353966877949;48.866440166781686;RATP;2;Metro;48.866440166781686, 2.38353966877949;Paris;75056;0
IDFM:C01372;2;IDFM:22117;Monceau;2.309412967374703;48.880568770126835;RATP;2;Metro;48.880568770126835, 2.309412967374703;Paris;75056;0
IDFM:C01372;2;IDFM:463067;Nation;2.395925559927623;48.848453436979646;RATP;2;Metro;48.848453436979646, 2.395925559927623;Paris;75056;0
IDFM:C01372;2;IDFM:22112;Père Lachaise;2.3876893260656895;48.86248637862667;RATP;2;Metro;48.86248637862667, 2.3876893260656895;Paris;75056;0
IDFM:C01372;2;IDFM:22113;Philippe Auguste;2.3905477055525735;48.858175121260864;RATP;2;Metro;48.858175121260864, 2.3905477055525735;Paris;75056;0
IDFM:C01372;2;IDFM:463088;Pigalle;2.3382179854559224;48.88219737464818;RATP;2;Metro;48.88219737464818, 2.3382179854559224;Paris;75056;0
IDFM:C01372;2;IDFM:463252;Place de Clichy;2.3278987090661456;48.88374519677981;RATP;2;Metro;48.88374519677981, 2.3278987090661456;Paris;75056;0
IDFM:C01372;2;IDFM:463256;Porte Dauphine;2.2778093495879346;48.8717351159749;RATP;2;Metro;48.8717351159749, 2.2778093495879346;Paris;75056;0
IDFM:C01372;2;IDFM:22110;Rome;2.3214039779193896;48.882256139435015;RATP;2;Metro;48.882256139435015, 2.3214039779193896;Paris;75056;0
IDFM:C01372;2;IDFM:463009;Stalingrad;2.3657743705581695;48.88432054886986;RATP;2;Metro;48.88432054886986, 2.3657743705581695;Paris;75056;0
IDFM:C01372;2;IDFM:463266;Ternes;2.2981132886172433;48.878227730862385;RATP;2;Metro;48.878227730862385, 2.2981132886172433;Paris;75056;0
IDFM:C01372;2;IDFM:463322;Victor Hugo;2.2858287659129797;48.869926082410636;RATP;2;Metro;48.869926082410636, 2.2858287659129797;Paris;75056;0
IDFM:C01372;2;IDFM:22106;Villiers;2.3157165772440385;48.88130644704797;RATP;2;Metro;48.88130644704797, 2.3157165772440385;Paris;75056;0
IDFM:C01373;3;IDFM:22036;Anatole France;2.2849816963403193;48.892206617614;RATP;3;Metro;48.892206617614, 2.2849816963403193;Levallois-Perret;92044;0
IDFM:C01373;3;IDFM:21994;Arts et Métiers;2.3567233472754983;48.86553459885931;RATP;3;Metro;48.86553459885931, 2.3567233472754983;Paris;75056;0
IDFM:C01373;3;IDFM:463090;Bourse;2.3406519668083314;48.868738736969725;RATP;3;Metro;48.868738736969725, 2.3406519668083314;Paris;75056;0
IDFM:C01373;3;IDFM:22032;Europe;2.3222946416498362;48.878780759649736;RATP;3;Metro;48.878780759649736, 2.3222946416498362;Paris;75056;0
IDFM:C01373;3;IDFM:22037;Gallieni;2.4159299613832097;48.86512770051251;RATP;3;Metro;48.86512770051251, 2.4159299613832097;Bagnolet;93006;0
IDFM:C01373;3;IDFM:462991;Gambetta;2.3973588775666475;48.86497267606974;RATP;3;Metro;48.86497267606974, 2.3973588775666475;Paris;75056;0
IDFM:C01373;3;IDFM:21906;Havre-Caumartin;2.3274627984235092;48.87346783937801;RATP;3;Metro;48.87346783937801, 2.3274627984235092;Paris;75056;0
IDFM:C01373;3;IDFM:463210;Louise Michel;2.2881680068067354;48.88849338167193;RATP;3;Metro;48.88849338167193, 2.2881680068067354;Levallois-Perret;92044;0
IDFM:C01373;3;IDFM:463068;Malesherbes;2.309487846960011;48.88284002257779;RATP;3;Metro;48.88284002257779, 2.309487846960011;Paris;75056;0
IDFM:C01373;3;IDFM:463246;Opéra;2.331128974301561;48.87150983278418;RATP;3;Metro;48.87150983278418, 2.331128974301561;Paris;75056;0
IDFM:C01373;3;IDFM:22019;Parmentier;2.3747205969196896;48.86524326053047;RATP;3;Metro;48.86524326053047, 2.3747205969196896;Paris;75056;0
IDFM:C01373;3;IDFM:22020;Père Lachaise;2.386157046298338;48.86296417435419;RATP;3;Metro;48.86296417435419, 2.386157046298338;Paris;75056;0
IDFM:C01373;3;IDFM:463228;Pereire;2.297701123838181;48.884929864637186;RATP;3;Metro;48.884929864637186, 2.297701123838181;Paris;75056;0
IDFM:C01373;3;IDFM:22035;Pont de Levallois - Bécon;2.2801801985017236;48.89718710383118;RATP;3;Metro;48.89718710383118, 2.2801801985017236;Levallois-Perret;92044;0
IDFM:C01373;3;IDFM:22022;Porte de Bagnolet;2.4088234090802456;48.86432836987192;RATP;3;Metro;48.86432836987192, 2.4088234090802456;Paris;75056;0
IDFM:C01373;3;IDFM:463258;Porte de Champerret;2.2921124821588448;48.885652393133846;RATP;3;Metro;48.885652393133846, 2.2921124821588448;Paris;75056;0
IDFM:C01373;3;IDFM:22024;Quatre Septembre;2.3362786423248583;48.86959592111917;RATP;3;Metro;48.86959592111917, 2.3362786423248583;Paris;75056;0
IDFM:C01373;3;IDFM:22018;Réaumur - Sébastopol;2.3520507871028355;48.86638175675157;RATP;3;Metro;48.86638175675157, 2.3520507871028355;Paris;75056;0
IDFM:C01373;3;IDFM:21902;République;2.364283168306328;48.86712186124499;RATP;3;Metro;48.86712186124499, 2.364283168306328;Paris;75056;0
IDFM:C01373;3;IDFM:463297;Rue Saint-Maur;2.3804600339610773;48.86405000324374;RATP;3;Metro;48.86405000324374, 2.3804600339610773;Paris;75056;0
IDFM:C01373;3;IDFM:462971;Saint-Lazare;2.3244924701707954;48.87496650103443;RATP;3;Metro;48.87496650103443, 2.3244924701707954;Paris;75056;0
IDFM:C01373;3;IDFM:462986;Sentier;2.3475137108219895;48.86728343166051;RATP;3;Metro;48.86728343166051, 2.3475137108219895;Paris;75056;0
IDFM:C01373;3;IDFM:463316;Temple;2.3615893783321895;48.86668483219092;RATP;3;Metro;48.86668483219092, 2.3615893783321895;Paris;75056;0
IDFM:C01373;3;IDFM:462987;Villiers;2.3157901685080926;48.881153980760416;RATP;3;Metro;48.881153980760416, 2.3157901685080926;Paris;75056;0
IDFM:C01373;3;IDFM:463070;Wagram;2.304673087584434;48.8838463907272;RATP;3;Metro;48.8838463907272, 2.304673087584434;Paris;75056;0
IDFM:C01374;4;IDFM:22154;Alésia;2.3270932349484528;48.82820106421924;RATP;4;Metro;48.82820106421924, 2.3270932349484528;Paris;75056;0
IDFM:C01374;4;IDFM:483423;Bagneux - Lucie Aubrac;2.317499440854107;48.80353046920307;RATP;4;Metro;48.80353046920307, 2.317499440854107;Bagneux;92007;0
IDFM:C01374;4;IDFM:483313;Barbara;2.3174174096489284;48.8097987811254;RATP;4;Metro;48.8097987811254, 2.3174174096489284;Bagneux;92007;0
IDFM:C01374;4;IDFM:22130;Barbès - Rochechouart;2.349629927853002;48.883402060486226;RATP;4;Metro;48.883402060486226, 2.349629927853002;Paris;75056;0
IDFM:C01374;4;IDFM:22153;Château d'Eau;2.3560517414015862;48.87244691759551;RATP;4;Metro;48.87244691759551, 2.3560517414015862;Paris;75056;0
IDFM:C01374;4;IDFM:22152;Château Rouge;2.3495819680256593;48.887241930648955;RATP;4;Metro;48.887241930648955, 2.3495819680256593;Paris;75056;0
IDFM:C01374;4;IDFM:22092;Châtelet;2.3466414308440138;48.859661211559086;RATP;4;Metro;48.859661211559086, 2.3466414308440138;Paris;75056;0
IDFM:C01374;4;IDFM:22150;Cité;2.3472322349319112;48.85493384910671;RATP;4;Metro;48.85493384910671, 2.3472322349319112;Paris;75056;0
IDFM:C01374;4;IDFM:463104;Denfert-Rochereau;2.332018835216387;48.83394869369227;RATP;4;Metro;48.83394869369227, 2.332018835216387;Paris;75056;0
IDFM:C01374;4;IDFM:463171;Etienne Marcel;2.3489761968791085;48.86370301202431;RATP;4;Metro;48.86370301202431, 2.3489761968791085;Paris;75056;0
IDFM:C01374;4;IDFM:22148;Gare de l'Est;2.3577495818204395;48.87627821831841;RATP;4;Metro;48.87627821831841, 2.3577495818204395;Paris;75056;0
IDFM:C01374;4;IDFM:22149;Gare du Nord;2.356768884572096;48.879510553130615;RATP;4;Metro;48.879510553130615, 2.356768884572096;Paris;75056;0
IDFM:C01374;4;IDFM:22146;Les Halles;2.34600573656331;48.86252665962869;RATP;4;Metro;48.86252665962869, 2.34600573656331;Paris;75056;0
IDFM:C01374;4;IDFM:463222;Mairie de Montrouge;2.3196193991237846;48.818454456190004;RATP;4;Metro;48.818454456190004, 2.3196193991237846;Montrouge;92049;0
IDFM:C01374;4;IDFM:462974;Marcadet - Poissonniers;2.3495451670385634;48.89127969913649;RATP;4;Metro;48.89127969913649, 2.3495451670385634;Paris;75056;0
IDFM:C01374;4;IDFM:462996;Montparnasse Bienvenue;2.3243858698057784;48.84391578859517;RATP;4;Metro;48.84391578859517, 2.3243858698057784;Paris;75056;0
IDFM:C01374;4;IDFM:22144;Mouton-Duvernet;2.32979034782274;48.831382009093616;RATP;4;Metro;48.831382009093616, 2.32979034782274;Paris;75056;0
IDFM:C01374;4;IDFM:462995;Odéon;2.3395157696170745;48.852175453081486;RATP;4;Metro;48.852175453081486, 2.3395157696170745;Paris;75056;0
IDFM:C01374;4;IDFM:22140;Porte d'Orléans;2.3254932653821045;48.823416351140224;RATP;4;Metro;48.823416351140224, 2.3254932653821045;Paris;75056;0
IDFM:C01374;4;IDFM:463073;Porte de Clignancourt;2.344624099102791;48.897525631278015;RATP;4;Metro;48.897525631278015, 2.344624099102791;Paris;75056;0
IDFM:C01374;4;IDFM:463291;Raspail;2.3307802165662403;48.83910415024143;RATP;4;Metro;48.83910415024143, 2.3307802165662403;Paris;75056;0
IDFM:C01374;4;IDFM:463072;Réaumur - Sébastopol;2.352381731140252;48.866077771215046;RATP;4;Metro;48.866077771215046, 2.352381731140252;Paris;75056;0
IDFM:C01374;4;IDFM:22136;Saint-Germain-des-Prés;2.333947810798194;48.85357456382241;RATP;4;Metro;48.85357456382241, 2.333947810798194;Paris;75056;0
IDFM:C01374;4;IDFM:22137;Saint-Michel;2.343964657062377;48.85358493521485;RATP;4;Metro;48.85358493521485, 2.343964657062377;Paris;75056;0
IDFM:C01374;4;IDFM:463308;Saint-Placide;2.327054815066312;48.84700665158937;RATP;4;Metro;48.84700665158937, 2.327054815066312;Paris;75056;0
IDFM:C01374;4;IDFM:22139;Saint-Sulpice;2.330611953081543;48.85120862756671;RATP;4;Metro;48.85120862756671, 2.330611953081543;Paris;75056;0
IDFM:C01374;4;IDFM:22133;Simplon;2.347794968187123;48.8938152613519;RATP;4;Metro;48.8938152613519, 2.347794968187123;Paris;75056;0
IDFM:C01374;4;IDFM:463313;Strasbourg - Saint-Denis;2.3543411093711257;48.86966773787259;RATP;4;Metro;48.86966773787259, 2.3543411093711257;Paris;75056;0
IDFM:C01374;4;IDFM:463016;Vavin;2.3288628540691043;48.84205232329236;RATP;4;Metro;48.84205232329236, 2.3288628540691043;Paris;75056;0
IDFM:C01375;5;IDFM:22010;Bastille;2.368922075646989;48.85328747830434;RATP;5;Metro;48.85328747830434, 2.368922075646989;Paris;75056;0
IDFM:C01375;5;IDFM:463131;Bobigny Pablo Picasso;2.4493013366465726;48.906366795030564;RATP;5;Metro;48.906366795030564, 2.4493013366465726;Bobigny;93008;0
IDFM:C01375;5;IDFM:463002;Bobigny-Pantin - Raymond Queneau;2.426277595760804;48.89563789793626;RATP;5;Metro;48.89563789793626, 2.426277595760804;Bobigny;93008;0
IDFM:C01375;5;IDFM:22008;Bréguet-Sabin;2.3701946685897517;48.85624405468632;RATP;5;Metro;48.85624405468632, 2.3701946685897517;Paris;75056;0
IDFM:C01375;5;IDFM:22009;Campo-Formio;2.358468834639247;48.835595431233266;RATP;5;Metro;48.835595431233266, 2.358468834639247;Paris;75056;0
IDFM:C01375;5;IDFM:22016;Église de Pantin;2.413119553706935;48.893163974098265;RATP;5;Metro;48.893163974098265, 2.413119553706935;Pantin;93055;0
IDFM:C01375;5;IDFM:463023;Gare d'Austerlitz;2.3654431802574227;48.842395852858516;RATP;5;Metro;48.842395852858516, 2.3654431802574227;Paris;75056;0
IDFM:C01375;5;IDFM:463021;Gare de l'Est;2.357982972943156;48.876081616617256;RATP;5;Metro;48.876081616617256, 2.357982972943156;Paris;75056;0
IDFM:C01375;5;IDFM:22007;Gare du Nord;2.3572164888604563;48.87970181695894;RATP;5;Metro;48.87970181695894, 2.3572164888604563;Paris;75056;0
IDFM:C01375;5;IDFM:22017;Hoche;2.4032119887626737;48.89128939386479;RATP;5;Metro;48.89128939386479, 2.4032119887626737;Pantin;93055;0
IDFM:C01375;5;IDFM:22011;Jacques Bonsergent;2.3611315892483544;48.870666468034706;RATP;5;Metro;48.870666468034706, 2.3611315892483544;Paris;75056;0
IDFM:C01375;5;IDFM:463095;Jaurès;2.371383333112514;48.88311355416086;RATP;5;Metro;48.88311355416086, 2.371383333112514;Paris;75056;0
IDFM:C01375;5;IDFM:22012;Laumière;2.3793909893523923;48.88513384808583;RATP;5;Metro;48.88513384808583, 2.3793909893523923;Paris;75056;0
IDFM:C01375;5;IDFM:21905;Oberkampf;2.3685262686038397;48.864581198067484;RATP;5;Metro;48.864581198067484, 2.3685262686038397;Paris;75056;0
IDFM:C01375;5;IDFM:463027;Ourcq;2.386652016759884;48.88691595319499;RATP;5;Metro;48.88691595319499, 2.386652016759884;Paris;75056;0
IDFM:C01375;5;IDFM:463025;Place d'Italie;2.355501591481485;48.830965713292656;RATP;5;Metro;48.830965713292656, 2.355501591481485;Paris;75056;0
IDFM:C01375;5;IDFM:463280;Porte de Pantin;2.3921229723281483;48.88845921134684;RATP;5;Metro;48.88845921134684, 2.3921229723281483;Paris;75056;0
IDFM:C01375;5;IDFM:463289;Quai de la Rapée;2.365884650750405;48.846427325479766;RATP;5;Metro;48.846427325479766, 2.365884650750405;Paris;75056;0
IDFM:C01375;5;IDFM:462961;République;2.3641925544688656;48.867732931981166;RATP;5;Metro;48.867732931981166, 2.3641925544688656;Paris;75056;0
IDFM:C01375;5;IDFM:22002;Richard-Lenoir;2.371813630476951;48.859876937868705;RATP;5;Metro;48.859876937868705, 2.371813630476951;Paris;75056;0
IDFM:C01375;5;IDFM:22000;Saint-Marcel;2.3606397867113924;48.83853898898134;RATP;5;Metro;48.83853898898134, 2.3606397867113924;Paris;75056;0
IDFM:C01375;5;IDFM:22001;Stalingrad;2.367348121277192;48.8841445128949;RATP;5;Metro;48.8841445128949, 2.367348121277192;Paris;75056;0
IDFM:C01376;6;IDFM:22177;Bel-Air;2.400867131995259;48.84142733223358;RATP;6;Metro;48.84142733223358, 2.400867131995259;Paris;75056;0
IDFM:C01376;6;IDFM:22178;Bercy;2.379463070185257;48.840176028121896;RATP;6;Metro;48.840176028121896, 2.379463070185257;Paris;75056;0
IDFM:C01376;6;IDFM:463005;Bir-Hakeim;2.2894007376345997;48.85392536837598;RATP;6;Metro;48.85392536837598, 2.2894007376345997;Paris;75056;0
IDFM:C01376;6;IDFM:22180;Boissière;2.2900328376074373;48.8668483434173;RATP;6;Metro;48.8668483434173, 2.2900328376074373;Paris;75056;0
IDFM:C01376;6;IDFM:463140;Cambronne;2.302898786915822;48.84749339701438;RATP;6;Metro;48.84749339701438, 2.302898786915822;Paris;75056;0
IDFM:C01376;6;IDFM:22095;Charles de Gaulle - Etoile;2.294995735441831;48.87383861478572;RATP;6;Metro;48.87383861478572, 2.294995735441831;Paris;75056;0
IDFM:C01376;6;IDFM:22174;Chevaleret;2.368081282972743;48.83496308210916;RATP;6;Metro;48.83496308210916, 2.368081282972743;Paris;75056;0
IDFM:C01376;6;IDFM:463105;Corvisart;2.350611225926166;48.82986001331238;RATP;6;Metro;48.82986001331238, 2.350611225926166;Paris;75056;0
IDFM:C01376;6;IDFM:463169;Daumesnil;2.3961460679154514;48.839537421644565;RATP;6;Metro;48.839537421644565, 2.3961460679154514;Paris;75056;0
IDFM:C01376;6;IDFM:22158;Denfert-Rochereau;2.3328724454976864;48.83431320632965;RATP;6;Metro;48.83431320632965, 2.3328724454976864;Paris;75056;0
IDFM:C01376;6;IDFM:463075;Dugommier;2.3895997700798097;48.83903652832887;RATP;6;Metro;48.83903652832887, 2.3895997700798097;Paris;75056;0
IDFM:C01376;6;IDFM:463099;Dupleix;2.2936368390558783;48.85038448621434;RATP;6;Metro;48.85038448621434, 2.2936368390558783;Paris;75056;0
IDFM:C01376;6;IDFM:22172;Edgar Quinet;2.3253749636089105;48.84098044632817;RATP;6;Metro;48.84098044632817, 2.3253749636089105;Paris;75056;0
IDFM:C01376;6;IDFM:22173;Glacière;2.3434974927179884;48.831170235245835;RATP;6;Metro;48.831170235245835, 2.3434974927179884;Paris;75056;0
IDFM:C01376;6;IDFM:463102;Kléber;2.2933259179892325;48.871301612039105;RATP;6;Metro;48.871301612039105, 2.2933259179892325;Paris;75056;0
IDFM:C01376;6;IDFM:463194;La Motte-Picquet - Grenelle;2.298957096977008;48.848765448122315;RATP;6;Metro;48.848765448122315, 2.298957096977008;Paris;75056;0
IDFM:C01376;6;IDFM:462955;Montparnasse Bienvenue;2.3212187199903807;48.84213060781436;RATP;6;Metro;48.84213060781436, 2.3212187199903807;Paris;75056;0
IDFM:C01376;6;IDFM:22073;Nation;2.3958598043279085;48.84789550545761;RATP;6;Metro;48.84789550545761, 2.3958598043279085;Paris;75056;0
IDFM:C01376;6;IDFM:463004;Nationale;2.3628041715935075;48.83323527967617;RATP;6;Metro;48.83323527967617, 2.3628041715935075;Paris;75056;0
IDFM:C01376;6;IDFM:22165;Passy;2.285839418881462;48.85751508962033;RATP;6;Metro;48.85751508962033, 2.285839418881462;Paris;75056;0
IDFM:C01376;6;IDFM:462948;Pasteur;2.3129146804739396;48.842528387543226;RATP;6;Metro;48.842528387543226, 2.3129146804739396;Paris;75056;0
IDFM:C01376;6;IDFM:22167;Picpus;2.401248269453829;48.84501767720269;RATP;6;Metro;48.84501767720269, 2.401248269453829;Paris;75056;0
IDFM:C01376;6;IDFM:463003;Place d'Italie;2.3560502682264337;48.830991153013954;RATP;6;Metro;48.830991153013954, 2.3560502682264337;Paris;75056;0
IDFM:C01376;6;IDFM:463288;Quai de la Gare;2.372766248948172;48.8370742706096;RATP;6;Metro;48.8370742706096, 2.372766248948172;Paris;75056;0
IDFM:C01376;6;IDFM:22155;Raspail;2.330549660589195;48.83908487281128;RATP;6;Metro;48.83908487281128, 2.330549660589195;Paris;75056;0
IDFM:C01376;6;IDFM:22160;Saint-Jacques;2.337154370925007;48.832916006219165;RATP;6;Metro;48.832916006219165, 2.337154370925007;Paris;75056;0
IDFM:C01376;6;IDFM:22163;Sèvres-Lecourbe;2.3094677673863235;48.84558437021755;RATP;6;Metro;48.84558437021755, 2.3094677673863235;Paris;75056;0
IDFM:C01376;6;IDFM:463268;Trocadéro;2.2874927969664416;48.86348766501957;RATP;6;Metro;48.86348766501957, 2.2874927969664416;Paris;75056;0
IDFM:C01377;7;IDFM:22394;Aubervilliers-Pantin Quatre Chemins;2.3921143824978492;48.90379699038963;RATP;7;Metro;48.90379699038963, 2.3921143824978492;Aubervilliers;93001;0
IDFM:C01377;7;IDFM:463139;Cadet;2.3443838837796562;48.87604838013132;RATP;7;Metro;48.87604838013132, 2.3443838837796562;Paris;75056;0
IDFM:C01377;7;IDFM:463157;Censier - Daubenton;2.351495277596339;48.84026600820119;RATP;7;Metro;48.84026600820119, 2.351495277596339;Paris;75056;0
IDFM:C01377;7;IDFM:22367;Château Landon;2.3620179355106075;48.87844145573239;RATP;7;Metro;48.87844145573239, 2.3620179355106075;Paris;75056;0
IDFM:C01377;7;IDFM:22364;Châtelet;2.3481609912345776;48.856953460785334;RATP;7;Metro;48.856953460785334, 2.3481609912345776;Paris;75056;0
IDFM:C01377;7;IDFM:463145;Chaussée d'Antin - La Fayette;2.333669568112413;48.873201272012516;RATP;7;Metro;48.873201272012516, 2.333669568112413;Paris;75056;0
IDFM:C01377;7;IDFM:22389;Corentin Cariou;2.382291557164633;48.89467266005628;RATP;7;Metro;48.89467266005628, 2.382291557164633;Paris;75056;0
IDFM:C01377;7;IDFM:463155;Crimée;2.3770380600019925;48.890814345621656;RATP;7;Metro;48.890814345621656, 2.3770380600019925;Paris;75056;0
IDFM:C01377;7;IDFM:463179;Fort d'Aubervilliers;2.404187821795194;48.91470775289347;RATP;7;Metro;48.91470775289347, 2.404187821795194;Aubervilliers;93001;0
IDFM:C01377;7;IDFM:22387;Gare de l'Est;2.3581030566976637;48.876361054333444;RATP;7;Metro;48.876361054333444, 2.3581030566976637;Paris;75056;0
IDFM:C01377;7;IDFM:22386;Jussieu;2.354798309820857;48.84596333903808;RATP;7;Metro;48.84596333903808, 2.354798309820857;Paris;75056;0
IDFM:C01377;7;IDFM:22395;La Courneuve - 8 Mai 1945;2.4102214036405085;48.92024579662936;RATP;7;Metro;48.92024579662936, 2.4102214036405085;La Courneuve;93027;0
IDFM:C01377;7;IDFM:22398;Le Kremlin-Bicêtre;2.362130413802561;48.81025257278989;RATP;7;Metro;48.81025257278989, 2.362130413802561;Le Kremlin-Bicêtre;94043;0
IDFM:C01377;7;IDFM:463206;Le Peletier;2.340206459456337;48.874851793670715;RATP;7;Metro;48.874851793670715, 2.340206459456337;Paris;75056;0
IDFM:C01377;7;IDFM:463216;Les Gobelins;2.3525311653622043;48.83589170669027;RATP;7;Metro;48.83589170669027, 2.3525311653622043;Paris;75056;0
IDFM:C01377;7;IDFM:22384;Louis Blanc;2.3643562491890786;48.88124182075271;RATP;7;Metro;48.88124182075271, 2.3643562491890786;Paris;75056;0
IDFM:C01377;7;IDFM:22396;Mairie d'Ivry;2.383498053635828;48.811210093393306;RATP;7;Metro;48.811210093393306, 2.383498053635828;Ivry-sur-Seine;94041;0
IDFM:C01377;7;IDFM:463224;Maison Blanche;2.358412946155939;48.82214950607496;RATP;7;Metro;48.82214950607496, 2.358412946155939;Paris;75056;0
IDFM:C01377;7;IDFM:22381;Opéra;2.3324387808144875;48.87030303390994;RATP;7;Metro;48.87030303390994, 2.3324387808144875;Paris;75056;0
IDFM:C01377;7;IDFM:463249;Palais Royal - Musée du Louvre;2.3370872868854393;48.86276538184415;RATP;7;Metro;48.86276538184415, 2.3370872868854393;Paris;75056;0
IDFM:C01377;7;IDFM:463251;Pierre et Marie Curie;2.377362970985953;48.81587757774557;RATP;7;Metro;48.81587757774557, 2.377362970985953;Ivry-sur-Seine;94041;0
IDFM:C01377;7;IDFM:22365;Place d'Italie;2.355303769754901;48.83154024475565;RATP;7;Metro;48.83154024475565, 2.355303769754901;Paris;75056;0
IDFM:C01377;7;IDFM:22366;Place Monge;2.3521548685787708;48.842666385642886;RATP;7;Metro;48.842666385642886, 2.3521548685787708;Paris;75056;0
IDFM:C01377;7;IDFM:22377;Poissonnière;2.3487397513900734;48.87716484925024;RATP;7;Metro;48.87716484925024, 2.3487397513900734;Paris;75056;0
IDFM:C01377;7;IDFM:22378;Pont Marie (Cité des Arts);2.357349968447059;48.85341474936241;RATP;7;Metro;48.85341474936241, 2.357349968447059;Paris;75056;0
IDFM:C01377;7;IDFM:22379;Pont Neuf;2.3417089232034765;48.858456031111984;RATP;7;Metro;48.858456031111984, 2.3417089232034765;Paris;75056;0
IDFM:C01377;7;IDFM:463235;Porte d'Italie;2.3595297331071694;48.81910659655869;RATP;7;Metro;48.81910659655869, 2.3595297331071694;Paris;75056;0
IDFM:C01377;7;IDFM:22372;Porte d'Ivry;2.3695112543194927;48.821489035562834;RATP;7;Metro;48.821489035562834, 2.3695112543194927;Paris;75056;0
IDFM:C01377;7;IDFM:463030;Porte de Choisy;2.3646785940494577;48.82005592914816;RATP;7;Metro;48.82005592914816, 2.3646785940494577;Paris;75056;0
IDFM:C01377;7;IDFM:22374;Porte de la Villette;2.385869033143345;48.89780269235572;RATP;7;Metro;48.89780269235572, 2.385869033143345;Paris;75056;0
IDFM:C01377;7;IDFM:22375;Pyramides;2.3344175359665553;48.865880289914124;RATP;7;Metro;48.865880289914124, 2.3344175359665553;Paris;75056;0
IDFM:C01377;7;IDFM:22371;Riquet;2.3737641527012556;48.88810829453359;RATP;7;Metro;48.88810829453359, 2.3737641527012556;Paris;75056;0
IDFM:C01377;7;IDFM:463008;Stalingrad;2.3688985490576733;48.88437303056126;RATP;7;Metro;48.88437303056126, 2.3688985490576733;Paris;75056;0
IDFM:C01377;7;IDFM:463265;Sully - Morland;2.3618531696972482;48.851271408393764;RATP;7;Metro;48.851271408393764, 2.3618531696972482;Paris;75056;0
IDFM:C01377;7;IDFM:463267;Tolbiac;2.357018567738162;48.82615323734341;RATP;7;Metro;48.82615323734341, 2.357018567738162;Paris;75056;0
IDFM:C01377;7;IDFM:463269;Villejuif - Louis Aragon;2.3677168990538426;48.787572501132765;RATP;7;Metro;48.787572501132765, 2.3677168990538426;Villejuif;94076;0
IDFM:C01377;7;IDFM:22399;Villejuif Léo Lagrange;2.3639317476477353;48.80435318028833;RATP;7;Metro;48.80435318028833, 2.3639317476477353;Villejuif;94076;0
IDFM:C01377;7;IDFM:463324;Villejuif Paul Vaillant-Couturier;2.368195583812103;48.79630822122641;RATP;7;Metro;48.79630822122641, 2.368195583812103;Villejuif;94076;0
IDFM:C01378;8;IDFM:463051;Balard;2.2783626618092008;48.83666789483108;RATP;8;Metro;48.83666789483108, 2.2783626618092008;Paris;75056;0
IDFM:C01378;8;IDFM:22097;Bastille;2.3695064282002;48.853425461693256;RATP;8;Metro;48.853425461693256, 2.3695064282002;Paris;75056;0
IDFM:C01378;8;IDFM:22198;Bonne Nouvelle;2.3485760027859746;48.8706347683979;RATP;8;Metro;48.8706347683979, 2.3485760027859746;Paris;75056;0
IDFM:C01378;8;IDFM:463135;Boucicaut;2.2877944613211754;48.841122353680156;RATP;8;Metro;48.841122353680156, 2.2877944613211754;Paris;75056;0
IDFM:C01378;8;IDFM:22210;Charenton - Écoles;2.413847237068526;48.82125590204953;RATP;8;Metro;48.82125590204953, 2.413847237068526;Charenton-le-Pont;94018;0
IDFM:C01378;8;IDFM:463146;Chemin Vert;2.368095085385991;48.85708736782028;RATP;8;Metro;48.85708736782028, 2.368095085385991;Paris;75056;0
IDFM:C01378;8;IDFM:463162;Commerce;2.293851708440619;48.84458485524012;RATP;8;Metro;48.84458485524012, 2.293851708440619;Paris;75056;0
IDFM:C01378;8;IDFM:22096;Concorde;2.3220315426557194;48.86652125193945;RATP;8;Metro;48.86652125193945, 2.3220315426557194;Paris;75056;0
IDFM:C01378;8;IDFM:463166;Créteil - L'Échat;2.449424047013373;48.79661108096057;RATP;8;Metro;48.79661108096057, 2.449424047013373;Créteil;94028;0
IDFM:C01378;8;IDFM:22213;Créteil - Préfecture;2.4593051692912615;48.77975652677895;RATP;8;Metro;48.77975652677895, 2.4593051692912615;Créteil;94028;0
IDFM:C01378;8;IDFM:22212;Créteil - Université;2.450529196348293;48.789915686006935;RATP;8;Metro;48.789915686006935, 2.450529196348293;Créteil;94028;0
IDFM:C01378;8;IDFM:463168;Daumesnil;2.395573606140371;48.83967393140864;RATP;8;Metro;48.83967393140864, 2.395573606140371;Paris;75056;0
IDFM:C01378;8;IDFM:463177;École Militaire;2.3064410394306907;48.854861755122315;RATP;8;Metro;48.854861755122315, 2.3064410394306907;Paris;75056;0
IDFM:C01378;8;IDFM:463047;Ecole Vétérinaire de Maisons-Alfort;2.422399525054415;48.81483550210013;RATP;8;Metro;48.81483550210013, 2.422399525054415;Maisons-Alfort;94046;0
IDFM:C01378;8;IDFM:22204;Faidherbe - Chaligny;2.384072471688875;48.850200705509266;RATP;8;Metro;48.850200705509266, 2.384072471688875;Paris;75056;0
IDFM:C01378;8;IDFM:463163;Félix Faure;2.291751809719901;48.84274672574357;RATP;8;Metro;48.84274672574357, 2.291751809719901;Paris;75056;0
IDFM:C01378;8;IDFM:22200;Filles du Calvaire;2.366826859795412;48.86308830188695;RATP;8;Metro;48.86308830188695, 2.366826859795412;Paris;75056;0
IDFM:C01378;8;IDFM:463058;Grands Boulevards;2.3428924760133967;48.871601969451355;RATP;8;Metro;48.871601969451355, 2.3428924760133967;Paris;75056;0
IDFM:C01378;8;IDFM:22193;Invalides;2.3146326604445164;48.86109201138112;RATP;8;Metro;48.86109201138112, 2.3146326604445164;Paris;75056;0
IDFM:C01378;8;IDFM:22183;La Motte-Picquet - Grenelle;2.298745444388579;48.84950618174656;RATP;8;Metro;48.84950618174656, 2.298745444388579;Paris;75056;0
IDFM:C01378;8;IDFM:463204;La Tour-Maubourg;2.3104735359369846;48.85772702353455;RATP;8;Metro;48.85772702353455, 2.3104735359369846;Paris;75056;0
IDFM:C01378;8;IDFM:22203;Ledru-Rollin;2.3761412233185926;48.85133776679838;RATP;8;Metro;48.85133776679838, 2.3761412233185926;Paris;75056;0
IDFM:C01378;8;IDFM:463209;Liberté;2.406409459132366;48.82608032193611;RATP;8;Metro;48.82608032193611, 2.406409459132366;Charenton-le-Pont;94018;0
IDFM:C01378;8;IDFM:22187;Lourmel;2.2822419598550767;48.83866086365992;RATP;8;Metro;48.83866086365992, 2.2822419598550767;Paris;75056;0
IDFM:C01378;8;IDFM:463063;Madeleine;2.3259702743206723;48.8696462363775;RATP;8;Metro;48.8696462363775, 2.3259702743206723;Paris;75056;0
IDFM:C01378;8;IDFM:463015;Maisons-Alfort - Les Juilliottes;2.4459564771573397;48.80321905319987;RATP;8;Metro;48.80321905319987, 2.4459564771573397;Maisons-Alfort;94046;0
IDFM:C01378;8;IDFM:22215;Maisons-Alfort - Stade;2.434819533389365;48.80891847848263;RATP;8;Metro;48.80891847848263, 2.434819533389365;Maisons-Alfort;94046;0
IDFM:C01378;8;IDFM:463226;Michel Bizot;2.402366739988004;48.83707743103578;RATP;8;Metro;48.83707743103578, 2.402366739988004;Paris;75056;0
IDFM:C01378;8;IDFM:463241;Montgallet;2.3904000136353645;48.84400507570895;RATP;8;Metro;48.84400507570895, 2.3904000136353645;Paris;75056;0
IDFM:C01378;8;IDFM:22195;Opéra;2.332135072925294;48.87059812248669;RATP;8;Metro;48.87059812248669, 2.332135072925294;Paris;75056;0
IDFM:C01378;8;IDFM:463057;Pointe du Lac;2.464317312722042;48.76876136434425;RATP;8;Metro;48.76876136434425, 2.464317312722042;Créteil;94028;0
IDFM:C01378;8;IDFM:463277;Porte de Charenton;2.402372975541869;48.8336104146937;RATP;8;Metro;48.8336104146937, 2.402372975541869;Paris;75056;0
IDFM:C01378;8;IDFM:463050;Porte Dorée;2.4058739129875644;48.83501737409391;RATP;8;Metro;48.83501737409391, 2.4058739129875644;Paris;75056;0
IDFM:C01378;8;IDFM:462962;République;2.363149406900382;48.86742161002706;RATP;8;Metro;48.86742161002706, 2.363149406900382;Paris;75056;0
IDFM:C01378;8;IDFM:22098;Reuilly - Diderot;2.3872010704093922;48.84721292669797;RATP;8;Metro;48.84721292669797, 2.3872010704093922;Paris;75056;0
IDFM:C01378;8;IDFM:22196;Richelieu - Drouot;2.3384190255427955;48.87173920910264;RATP;8;Metro;48.87173920910264, 2.3384190255427955;Paris;75056;0
IDFM:C01378;8;IDFM:463309;Saint-Sébastien - Froissart;2.3671254626151184;48.86094943927989;RATP;8;Metro;48.86094943927989, 2.3671254626151184;Paris;75056;0
IDFM:C01378;8;IDFM:22159;Strasbourg - Saint-Denis;2.353744768129407;48.86938572399119;RATP;8;Metro;48.86938572399119, 2.353744768129407;Paris;75056;0
IDFM:C01379;9;IDFM:463052;Alma - Marceau;2.3011043523926706;48.86464714790582;RATP;9;Metro;48.86464714790582, 2.3011043523926706;Paris;75056;0
IDFM:C01379;9;IDFM:21939;Billancourt;2.237965973200589;48.83183051284947;RATP;9;Metro;48.83183051284947, 2.237965973200589;Boulogne-Billancourt;92012;0
IDFM:C01379;9;IDFM:21933;Bonne Nouvelle;2.3484940979375373;48.8706433160169;RATP;9;Metro;48.8706433160169, 2.3484940979375373;Paris;75056;0
IDFM:C01379;9;IDFM:463039;Buzenval;2.401170769368413;48.85176243983227;RATP;9;Metro;48.85176243983227, 2.401170769368413;Paris;75056;0
IDFM:C01379;9;IDFM:21934;Charonne;2.3848878986690423;48.85500743705073;RATP;9;Metro;48.85500743705073, 2.3848878986690423;Paris;75056;0
IDFM:C01379;9;IDFM:21932;Chaussée d'Antin - La Fayette;2.334000835220775;48.87288385004922;RATP;9;Metro;48.87288385004922, 2.334000835220775;Paris;75056;0
IDFM:C01379;9;IDFM:463176;Croix de Chavaux;2.4358546126745826;48.857992585158016;RATP;9;Metro;48.857992585158016, 2.4358546126745826;Montreuil;93048;0
IDFM:C01379;9;IDFM:462956;Exelmans;2.25967486021195;48.842624465259945;RATP;9;Metro;48.842624465259945, 2.25967486021195;Paris;75056;0
IDFM:C01379;9;IDFM:21931;Franklin D. Roosevelt;2.309488192337113;48.86872488799857;RATP;9;Metro;48.86872488799857, 2.309488192337113;Paris;75056;0
IDFM:C01379;9;IDFM:21909;Grands Boulevards;2.343167503558387;48.87141461757831;RATP;9;Metro;48.87141461757831, 2.343167503558387;Paris;75056;0
IDFM:C01379;9;IDFM:463188;Havre-Caumartin;2.327677208279404;48.8737568325288;RATP;9;Metro;48.8737568325288, 2.327677208279404;Paris;75056;0
IDFM:C01379;9;IDFM:21927;Iéna;2.293906396859107;48.864685839288676;RATP;9;Metro;48.864685839288676, 2.293906396859107;Paris;75056;0
IDFM:C01379;9;IDFM:21928;Jasmin;2.268219083521012;48.852462147844555;RATP;9;Metro;48.852462147844555, 2.268219083521012;Paris;75056;0
IDFM:C01379;9;IDFM:21929;La Muette;2.2740962446697224;48.85809196689865;RATP;9;Metro;48.85809196689865, 2.2740962446697224;Paris;75056;0
IDFM:C01379;9;IDFM:21941;Mairie de Montreuil;2.4418193772459085;48.8622744369706;RATP;9;Metro;48.8622744369706, 2.4418193772459085;Montreuil;93048;0
IDFM:C01379;9;IDFM:21936;Maraîchers;2.406038544798052;48.85273102047999;RATP;9;Metro;48.85273102047999, 2.406038544798052;Paris;75056;0
IDFM:C01379;9;IDFM:462914;Marcel Sembat;2.243583048618053;48.83359298218974;RATP;9;Metro;48.83359298218974, 2.243583048618053;Boulogne-Billancourt;92012;0
IDFM:C01379;9;IDFM:463238;Michel-Ange - Auteuil;2.2638093220226634;48.84770893216831;RATP;9;Metro;48.84770893216831, 2.2638093220226634;Paris;75056;0
IDFM:C01379;9;IDFM:21923;Michel-Ange - Molitor;2.261511916905205;48.84491122756327;RATP;9;Metro;48.84491122756327, 2.261511916905205;Paris;75056;0
IDFM:C01379;9;IDFM:21924;Miromesnil;2.3146430401104467;48.8737728492328;RATP;9;Metro;48.8737728492328, 2.3146430401104467;Paris;75056;0
IDFM:C01379;9;IDFM:21919;Nation;2.3959437210498136;48.84888521841715;RATP;9;Metro;48.84888521841715, 2.3959437210498136;Paris;75056;0
IDFM:C01379;9;IDFM:463054;Oberkampf;2.3682236708807456;48.86487188759515;RATP;9;Metro;48.86487188759515, 2.3682236708807456;Paris;75056;0
IDFM:C01379;9;IDFM:463233;Pont de Sèvres;2.2305052170885546;48.82966919074605;RATP;9;Metro;48.82966919074605, 2.2305052170885546;Boulogne-Billancourt;92012;0
IDFM:C01379;9;IDFM:21913;Porte de Montreuil;2.4107036110235414;48.853563500943025;RATP;9;Metro;48.853563500943025, 2.4107036110235414;Paris;75056;0
IDFM:C01379;9;IDFM:21914;Porte de Saint-Cloud;2.2570461929221506;48.83795840561949;RATP;9;Metro;48.83795840561949, 2.2570461929221506;Paris;75056;0
IDFM:C01379;9;IDFM:21915;Ranelagh;2.270032697561899;48.855306214887065;RATP;9;Metro;48.855306214887065, 2.270032697561899;Paris;75056;0
IDFM:C01379;9;IDFM:462963;République;2.3633023407804536;48.86751235781114;RATP;9;Metro;48.86751235781114, 2.3633023407804536;Paris;75056;0
IDFM:C01379;9;IDFM:21921;Richelieu - Drouot;2.3385912215385414;48.872135870317955;RATP;9;Metro;48.872135870317955, 2.3385912215385414;Paris;75056;0
IDFM:C01379;9;IDFM:463053;Robespierre;2.4229449336324724;48.855754613895044;RATP;9;Metro;48.855754613895044, 2.4229449336324724;Montreuil;93048;0
IDFM:C01379;9;IDFM:463055;Rue de la Pompe;2.277916063289398;48.86403732937509;RATP;9;Metro;48.86403732937509, 2.277916063289398;Paris;75056;0
IDFM:C01379;9;IDFM:463298;Rue des Boulets;2.389429968854563;48.85236862327955;RATP;9;Metro;48.85236862327955, 2.389429968854563;Paris;75056;0
IDFM:C01379;9;IDFM:463299;Saint-Ambroise;2.3739964519221886;48.861480218467655;RATP;9;Metro;48.861480218467655, 2.3739964519221886;Paris;75056;0
IDFM:C01379;9;IDFM:463300;Saint-Augustin;2.321031570403537;48.874632152132925;RATP;9;Metro;48.874632152132925, 2.321031570403537;Paris;75056;0
IDFM:C01379;9;IDFM:21912;Saint-Philippe-du-Roule;2.310001699600818;48.87215435003593;RATP;9;Metro;48.87215435003593, 2.310001699600818;Paris;75056;0
IDFM:C01379;9;IDFM:463264;Strasbourg - Saint-Denis;2.3538223820093616;48.86950305730265;RATP;9;Metro;48.86950305730265, 2.3538223820093616;Paris;75056;0
IDFM:C01379;9;IDFM:463318;Trocadéro;2.2868262498013006;48.86308797989344;RATP;9;Metro;48.86308797989344, 2.2868262498013006;Paris;75056;0
IDFM:C01379;9;IDFM:21916;Voltaire;2.3802080115879227;48.857735295553454;RATP;9;Metro;48.857735295553454, 2.3802080115879227;Paris;75056;0
IDFM:C01380;10;IDFM:21987;Avenue Émile Zola;2.2950459810371475;48.84695722990175;RATP;10;Metro;48.84695722990175, 2.2950459810371475;Paris;75056;0
IDFM:C01380;10;IDFM:21988;Boulogne Jean Jaurès;2.239042669312605;48.842063301935575;RATP;10;Metro;48.842063301935575, 2.239042669312605;Boulogne-Billancourt;92012;0
IDFM:C01380;10;IDFM:21989;Boulogne Pont de Saint-Cloud;2.2283125898228056;48.84067248206251;RATP;10;Metro;48.84067248206251, 2.2283125898228056;Boulogne-Billancourt;92012;0
IDFM:C01380;10;IDFM:463141;Cardinal Lemoine;2.3513280016731763;48.84670003526311;RATP;10;Metro;48.84670003526311, 2.3513280016731763;Paris;75056;0
IDFM:C01380;10;IDFM:21985;Chardon Lagache;2.26690547594029;48.84508829917885;RATP;10;Metro;48.84508829917885, 2.26690547594029;Paris;75056;0
IDFM:C01380;10;IDFM:463076;Charles Michels;2.2856210133667174;48.84660453239739;RATP;10;Metro;48.84660453239739, 2.2856210133667174;Paris;75056;0
IDFM:C01380;10;IDFM:21983;Cluny - La Sorbonne;2.3448963012120796;48.851026876874485;RATP;10;Metro;48.851026876874485, 2.3448963012120796;Paris;75056;0
IDFM:C01380;10;IDFM:21970;Duroc;2.3162247549746047;48.84675637808778;RATP;10;Metro;48.84675637808778, 2.3162247549746047;Paris;75056;0
IDFM:C01380;10;IDFM:21971;Église d'Auteuil;2.2691113890218917;48.84714336145718;RATP;10;Metro;48.84714336145718, 2.2691113890218917;Paris;75056;0
IDFM:C01380;10;IDFM:463024;Gare d'Austerlitz;2.364395394600644;48.84228236697996;RATP;10;Metro;48.84228236697996, 2.364395394600644;Paris;75056;0
IDFM:C01380;10;IDFM:21972;Javel - André Citroën;2.278009496527359;48.84618110622323;RATP;10;Metro;48.84618110622323, 2.278009496527359;Paris;75056;0
IDFM:C01380;10;IDFM:21968;Jussieu;2.3549316718232256;48.846197891637004;RATP;10;Metro;48.846197891637004, 2.3549316718232256;Paris;75056;0
IDFM:C01380;10;IDFM:463202;La Motte-Picquet - Grenelle;2.298684579816939;48.849532805857095;RATP;10;Metro;48.849532805857095, 2.298684579816939;Paris;75056;0
IDFM:C01380;10;IDFM:21973;Mabillon;2.335142819346476;48.85284373829949;RATP;10;Metro;48.85284373829949, 2.335142819346476;Paris;75056;0
IDFM:C01380;10;IDFM:463237;Maubert - Mutualité;2.3482804131694897;48.85019546606951;RATP;10;Metro;48.85019546606951, 2.3482804131694897;Paris;75056;0
IDFM:C01380;10;IDFM:21907;Michel-Ange - Auteuil;2.263989525333329;48.84797535417627;RATP;10;Metro;48.84797535417627, 2.263989525333329;Paris;75056;0
IDFM:C01380;10;IDFM:21904;Michel-Ange - Molitor;2.2618218573220084;48.84515597018703;RATP;10;Metro;48.84515597018703, 2.2618218573220084;Paris;75056;0
IDFM:C01380;10;IDFM:21982;Mirabeau;2.2730641263728333;48.84707750734599;RATP;10;Metro;48.84707750734599, 2.2730641263728333;Paris;75056;0
IDFM:C01380;10;IDFM:462998;Odéon;2.340692291066523;48.85202455451491;RATP;10;Metro;48.85202455451491, 2.340692291066523;Paris;75056;0
IDFM:C01380;10;IDFM:463234;Porte d'Auteuil;2.258280744595537;48.847904123629235;RATP;10;Metro;48.847904123629235, 2.258280744595537;Paris;75056;0
IDFM:C01380;10;IDFM:21979;Ségur;2.3072520746428715;48.847226390053955;RATP;10;Metro;48.847226390053955, 2.3072520746428715;Paris;75056;0
IDFM:C01380;10;IDFM:462967;Sèvres - Babylone;2.3261490660967246;48.85112511792463;RATP;10;Metro;48.85112511792463, 2.3261490660967246;Paris;75056;0
IDFM:C01380;10;IDFM:21977;Vaneau;2.321227717195941;48.84870050683084;RATP;10;Metro;48.84870050683084, 2.321227717195941;Paris;75056;0
IDFM:C01381;11;IDFM:21997;Arts et Métiers;2.3565081436435467;48.86529961264491;RATP;11;Metro;48.86529961264491, 2.3565081436435467;Paris;75056;0
IDFM:C01381;11;IDFM:463110;Belleville;2.376684607718542;48.87198955568015;RATP;11;Metro;48.87198955568015, 2.376684607718542;Paris;75056;0
IDFM:C01381;11;IDFM:463079;Châtelet;2.347759259772123;48.8576887395772;RATP;11;Metro;48.8576887395772, 2.347759259772123;Paris;75056;0
IDFM:C01381;11;IDFM:490770;Coteaux Beauclair;2.4673647804495924;48.88212212689498;RATP;11;Metro;48.88212212689498, 2.4673647804495924;Rosny-sous-Bois;93064;0
IDFM:C01381;11;IDFM:21996;Goncourt;2.3707644347484003;48.8700070178386;RATP;11;Metro;48.8700070178386, 2.3707644347484003;Paris;75056;0
IDFM:C01381;11;IDFM:463061;Hôtel de Ville;2.3514239919428728;48.85760073633446;RATP;11;Metro;48.85760073633446, 2.3514239919428728;Paris;75056;0
IDFM:C01381;11;IDFM:21995;Jourdain;2.389325378910096;48.875247348641416;RATP;11;Metro;48.875247348641416, 2.389325378910096;Paris;75056;0
IDFM:C01381;11;IDFM:490791;La Dhuys;2.465116181953647;48.8780111916913;RATP;11;Metro;48.8780111916913, 2.465116181953647;Montreuil;93048;0
IDFM:C01381;11;IDFM:463223;Mairie des Lilas;2.4163499077398614;48.879658467973904;RATP;11;Metro;48.879658467973904, 2.4163499077398614;Les Lilas;93045;0
IDFM:C01381;11;IDFM:490789;Montreuil - Hôpital;2.4546692358364623;48.878269829247664;RATP;11;Metro;48.878269829247664, 2.4546692358364623;Montreuil;93048;0
IDFM:C01381;11;IDFM:463254;Place des Fêtes;2.393139370360497;48.87672366197325;RATP;11;Metro;48.87672366197325, 2.393139370360497;Paris;75056;0
IDFM:C01381;11;IDFM:21949;Porte des Lilas;2.4065226763982275;48.87723143067265;RATP;11;Metro;48.87723143067265, 2.4065226763982275;Paris;75056;0
IDFM:C01381;11;IDFM:463287;Pyrénées;2.3852029155695313;48.87381879018058;RATP;11;Metro;48.87381879018058, 2.3852029155695313;Paris;75056;0
IDFM:C01381;11;IDFM:462945;Rambuteau;2.3532739485947713;48.86119015695036;RATP;11;Metro;48.86119015695036, 2.3532739485947713;Paris;75056;0
IDFM:C01381;11;IDFM:21937;République;2.364804805140413;48.86794303120089;RATP;11;Metro;48.86794303120089, 2.364804805140413;Paris;75056;0
IDFM:C01381;11;IDFM:490764;Romainville-Carnot;2.440689824547642;48.88369120755144;RATP;11;Metro;48.88369120755144, 2.440689824547642;Romainville;93063;0
IDFM:C01381;11;IDFM:490772;Rosny-Bois-Perrier;2.4806093523524932;48.88307064342213;RATP;11;Metro;48.88307064342213, 2.4806093523524932;Rosny-sous-Bois;93064;0
IDFM:C01381;11;IDFM:490762;Serge Gainsbourg;2.4271621685895237;48.88125303440166;RATP;11;Metro;48.88125303440166, 2.4271621685895237;Les Lilas;93045;0
IDFM:C01381;11;IDFM:21993;Télégraphe;2.3986480899605933;48.87551038418075;RATP;11;Metro;48.87551038418075, 2.3986480899605933;Paris;75056;0
IDFM:C01382;12;IDFM:22059;Abbesses;2.338367478180517;48.884383574623314;RATP;12;Metro;48.884383574623314, 2.338367478180517;Paris;75056;0
IDFM:C01382;12;IDFM:483900;Aimé Césaire;2.37813084516706;48.90843758066954;RATP;12;Metro;48.90843758066954, 2.37813084516706;Aubervilliers;93001;0
IDFM:C01382;12;IDFM:463123;Assemblée Nationale;2.3206896796944263;48.861122050080816;RATP;12;Metro;48.861122050080816, 2.3206896796944263;Paris;75056;0
IDFM:C01382;12;IDFM:463164;Concorde;2.323058362902906;48.8661808158217;RATP;12;Metro;48.8661808158217, 2.323058362902906;Paris;75056;0
IDFM:C01382;12;IDFM:22058;Convention;2.2963642614342694;48.837125900520995;RATP;12;Metro;48.837125900520995, 2.2963642614342694;Paris;75056;0
IDFM:C01382;12;IDFM:463153;Corentin Celton;2.2789586605256367;48.826823295159116;RATP;12;Metro;48.826823295159116, 2.2789586605256367;Issy-les-Moulineaux;92040;0
IDFM:C01382;12;IDFM:22056;Falguière;2.317551235617027;48.844317683534335;RATP;12;Metro;48.844317683534335, 2.317551235617027;Paris;75056;0
IDFM:C01382;12;IDFM:463082;Front Populaire;2.3657920239894126;48.90666420278779;RATP;12;Metro;48.90666420278779, 2.3657920239894126;Saint-Denis;93066;0
IDFM:C01382;12;IDFM:463065;Jules Joffrin;2.3443200293804827;48.892492268201934;RATP;12;Metro;48.892492268201934, 2.3443200293804827;Paris;75056;0
IDFM:C01382;12;IDFM:463205;Lamarck - Caulaincourt;2.3385838243831936;48.88968180996681;RATP;12;Metro;48.88968180996681, 2.3385838243831936;Paris;75056;0
IDFM:C01382;12;IDFM:21965;Madeleine;2.325039317039756;48.8700546880179;RATP;12;Metro;48.8700546880179, 2.325039317039756;Paris;75056;0
IDFM:C01382;12;IDFM:483904;Mairie d'Aubervilliers;2.3807826993163266;48.913739225808136;RATP;12;Metro;48.913739225808136, 2.3807826993163266;Aubervilliers;93001;0
IDFM:C01382;12;IDFM:22062;Mairie d'Issy;2.273560674093182;48.82416442588802;RATP;12;Metro;48.82416442588802, 2.273560674093182;Issy-les-Moulineaux;92040;0
IDFM:C01382;12;IDFM:462973;Marcadet - Poissonniers;2.3500246218070155;48.89154760285429;RATP;12;Metro;48.89154760285429, 2.3500246218070155;Paris;75056;0
IDFM:C01382;12;IDFM:22053;Marx Dormoy;2.359945883178033;48.89060729278663;RATP;12;Metro;48.89060729278663, 2.359945883178033;Paris;75056;0
IDFM:C01382;12;IDFM:22038;Montparnasse Bienvenue;2.323989185205003;48.84382361125447;RATP;12;Metro;48.84382361125447, 2.323989185205003;Paris;75056;0
IDFM:C01382;12;IDFM:22051;Notre-Dame des Champs;2.328564944227944;48.84508150807547;RATP;12;Metro;48.84508150807547, 2.328564944227944;Paris;75056;0
IDFM:C01382;12;IDFM:463062;Notre-Dame-de-Lorette;2.3379007718233322;48.87604417483004;RATP;12;Metro;48.87604417483004, 2.3379007718233322;Paris;75056;0
IDFM:C01382;12;IDFM:462947;Pasteur;2.3126518981045816;48.84282366881032;RATP;12;Metro;48.84282366881032, 2.3126518981045816;Paris;75056;0
IDFM:C01382;12;IDFM:463089;Pigalle;2.337211164701128;48.88202093206733;RATP;12;Metro;48.88202093206733, 2.337211164701128;Paris;75056;0
IDFM:C01382;12;IDFM:22041;Porte de la Chapelle;2.359248542310361;48.89740242267042;RATP;12;Metro;48.89740242267042, 2.359248542310361;Paris;75056;0
IDFM:C01382;12;IDFM:463261;Porte de Versailles;2.2877417091423347;48.83251953251351;RATP;12;Metro;48.83251953251351, 2.2877417091423347;Paris;75056;0
IDFM:C01382;12;IDFM:22049;Rennes;2.3277871847873874;48.84833282904063;RATP;12;Metro;48.84833282904063, 2.3277871847873874;Paris;75056;0
IDFM:C01382;12;IDFM:22043;Rue du Bac;2.3256727584985164;48.85587553200213;RATP;12;Metro;48.85587553200213, 2.3256727584985164;Paris;75056;0
IDFM:C01382;12;IDFM:22044;Saint-Georges;2.3375706403796697;48.87841659490173;RATP;12;Metro;48.87841659490173, 2.3375706403796697;Paris;75056;0
IDFM:C01382;12;IDFM:21964;Saint-Lazare;2.3274477500193202;48.875689121953926;RATP;12;Metro;48.875689121953926, 2.3274477500193202;Paris;75056;0
IDFM:C01382;12;IDFM:462966;Sèvres - Babylone;2.326886801039095;48.851574452640946;RATP;12;Metro;48.851574452640946, 2.326886801039095;Paris;75056;0
IDFM:C01382;12;IDFM:22045;Solférino;2.3231029882985132;48.858550089641746;RATP;12;Metro;48.858550089641746, 2.3231029882985132;Paris;75056;0
IDFM:C01382;12;IDFM:22046;Trinité - d'Estienne d'Orves;2.333030634158166;48.87625096700832;RATP;12;Metro;48.87625096700832, 2.333030634158166;Paris;75056;0
IDFM:C01382;12;IDFM:463321;Vaugirard;2.300977822126098;48.83953628376544;RATP;12;Metro;48.83953628376544, 2.300977822126098;Paris;75056;0
IDFM:C01382;12;IDFM:22048;Volontaires;2.3079833805768515;48.84141172841498;RATP;12;Metro;48.84141172841498, 2.3079833805768515;Paris;75056;0
IDFM:C01383;13;IDFM:463109;Asnières - Gennevilliers Les Courtilles;2.284216775386713;48.930544259451466;RATP;13;Metro;48.930544259451466, 2.284216775386713;Gennevilliers;92036;0
IDFM:C01383;13;IDFM:22240;Basilique de Saint-Denis;2.3592958408126816;48.93678306532419;RATP;13;Metro;48.93678306532419, 2.3592958408126816;Saint-Denis;93066;0
IDFM:C01383;13;IDFM:462978;Brochant;2.3199048172093666;48.89065187119005;RATP;13;Metro;48.89065187119005, 2.3199048172093666;Paris;75056;0
IDFM:C01383;13;IDFM:462976;Carrefour Pleyel;2.3435346741834655;48.919732608049756;RATP;13;Metro;48.919732608049756, 2.3435346741834655;Saint-Denis;93066;0
IDFM:C01383;13;IDFM:22093;Champs-Élysées - Clemenceau;2.31401668387612;48.86750083759083;RATP;13;Metro;48.86750083759083, 2.31401668387612;Paris;75056;0
IDFM:C01383;13;IDFM:463087;Châtillon-Montrouge;2.301595459041787;48.81072820779425;RATP;13;Metro;48.81072820779425, 2.301595459041787;Châtillon;92020;0
IDFM:C01383;13;IDFM:22229;Duroc;2.3165212194565217;48.847009893611975;RATP;13;Metro;48.847009893611975, 2.3165212194565217;Paris;75056;0
IDFM:C01383;13;IDFM:462953;Gabriel Péri;2.29460408001733;48.916347418146714;RATP;13;Metro;48.916347418146714, 2.29460408001733;Asnières-sur-Seine;92004;0
IDFM:C01383;13;IDFM:463184;Gaîté;2.3223539967788067;48.83852608502253;RATP;13;Metro;48.83852608502253, 2.3223539967788067;Paris;75056;0
IDFM:C01383;13;IDFM:462977;Garibaldi;2.331907872638921;48.90638108007163;RATP;13;Metro;48.90638108007163, 2.331907872638921;Saint-Ouen-sur-Seine;93070;0
IDFM:C01383;13;IDFM:22228;Guy Môquet;2.327483258626126;48.8930014419616;RATP;13;Metro;48.8930014419616, 2.327483258626126;Paris;75056;0
IDFM:C01383;13;IDFM:463198;Invalides;2.3145404484362686;48.86084865840772;RATP;13;Metro;48.86084865840772, 2.3145404484362686;Paris;75056;0
IDFM:C01383;13;IDFM:22227;La Fourche;2.3256869607667356;48.887424510518066;RATP;13;Metro;48.887424510518066, 2.3256869607667356;Paris;75056;0
IDFM:C01383;13;IDFM:463207;Les Agnettes;2.28615583314788;48.923055662740055;RATP;13;Metro;48.923055662740055, 2.28615583314788;Asnières-sur-Seine;92004;0
IDFM:C01383;13;IDFM:22225;Liège;2.3268526712397555;48.87953493737576;RATP;13;Metro;48.87953493737576, 2.3268526712397555;Paris;75056;0
IDFM:C01383;13;IDFM:463086;Mairie de Clichy;2.305726300569584;48.90344880444455;RATP;13;Metro;48.90344880444455, 2.305726300569584;Clichy;92024;0
IDFM:C01383;13;IDFM:463212;Mairie de Saint-Ouen;2.333893080685357;48.911958864732505;RATP;13;Metro;48.911958864732505, 2.333893080685357;Saint-Ouen-sur-Seine;93070;0
IDFM:C01383;13;IDFM:463213;Malakoff - Plateau de Vanves;2.2984111759006174;48.82214529059278;RATP;13;Metro;48.82214529059278, 2.2984111759006174;Malakoff;92046;0
IDFM:C01383;13;IDFM:463214;Malakoff - Rue Etienne Dolet;2.2971240100835835;48.81533836595972;RATP;13;Metro;48.81533836595972, 2.2971240100835835;Malakoff;92046;0
IDFM:C01383;13;IDFM:474397;Miromesnil;2.3159507090192264;48.87344757302508;RATP;13;Metro;48.87344757302508, 2.3159507090192264;Paris;75056;0
IDFM:C01383;13;IDFM:462954;Montparnasse Bienvenue;2.3208534383022275;48.84228592360469;RATP;13;Metro;48.84228592360469, 2.3208534383022275;Paris;75056;0
IDFM:C01383;13;IDFM:22222;Pernety;2.318393706614701;48.834078679774976;RATP;13;Metro;48.834078679774976, 2.318393706614701;Paris;75056;0
IDFM:C01383;13;IDFM:463253;Place de Clichy;2.327268983025867;48.883723673452664;RATP;13;Metro;48.883723673452664, 2.327268983025867;Paris;75056;0
IDFM:C01383;13;IDFM:463085;Plaisance;2.313860489344306;48.83175036306747;RATP;13;Metro;48.83175036306747, 2.313860489344306;Paris;75056;0
IDFM:C01383;13;IDFM:22219;Porte de Clichy;2.3136590957118313;48.89464071673921;RATP;13;Metro;48.89464071673921, 2.3136590957118313;Paris;75056;0
IDFM:C01383;13;IDFM:22220;Porte de Saint-Ouen;2.3290483407446505;48.89749783732745;RATP;13;Metro;48.89749783732745, 2.3290483407446505;Paris;75056;0
IDFM:C01383;13;IDFM:22221;Porte de Vanves;2.305223578739507;48.82766229777493;RATP;13;Metro;48.82766229777493, 2.305223578739507;Paris;75056;0
IDFM:C01383;13;IDFM:463301;Saint-Denis - Porte de Paris;2.3561729251015997;48.929922750445755;RATP;13;Metro;48.929922750445755, 2.3561729251015997;Saint-Denis;93066;0
IDFM:C01383;13;IDFM:22242;Saint-Denis - Université;2.3644942905103172;48.945911458883856;RATP;13;Metro;48.945911458883856, 2.3644942905103172;Saint-Denis;93066;0
IDFM:C01383;13;IDFM:22217;Saint-François-Xavier;2.314407403528732;48.8512787565696;RATP;13;Metro;48.8512787565696, 2.314407403528732;Paris;75056;0
IDFM:C01383;13;IDFM:462970;Saint-Lazare;2.3254668925871607;48.875462135328796;RATP;13;Metro;48.875462135328796, 2.3254668925871607;Paris;75056;0
IDFM:C01383;13;IDFM:463320;Varenne;2.3149776470363417;48.85662420264694;RATP;13;Metro;48.85662420264694, 2.3149776470363417;Paris;75056;0
IDFM:C01384;14;IDFM:490908;Aéroport d'Orly;2.362458738946496;48.72769656117165;RATP;14;Metro;48.72769656117165, 2.362458738946496;Paray-Vieille-Poste;91479;0
IDFM:C01384;14;IDFM:463129;Bercy;2.3790620152277233;48.84010199803391;RATP;14;Metro;48.84010199803391, 2.3790620152277233;Paris;75056;0
IDFM:C01384;14;IDFM:463112;Bibliothèque François Mitterrand;2.376487371168301;48.829925765928905;RATP;14;Metro;48.829925765928905, 2.376487371168301;Paris;75056;0
IDFM:C01384;14;IDFM:21959;Châtelet;2.346275248188987;48.85951531585984;RATP;14;Metro;48.85951531585984, 2.346275248188987;Paris;75056;0
IDFM:C01384;14;IDFM:490851;Chevilly-Larue​ (Marché International​);2.367374604185919;48.75848356146962;RATP;14;Metro;48.75848356146962, 2.367374604185919;Chevilly-Larue;94021;0
IDFM:C01384;14;IDFM:463165;Cour Saint-Emilion;2.386617850214058;48.833319303843425;RATP;14;Metro;48.833319303843425, 2.386617850214058;Paris;75056;0
IDFM:C01384;14;IDFM:463046;Gare de Lyon;2.373100581933962;48.84467563174822;RATP;14;Metro;48.84467563174822, 2.373100581933962;Paris;75056;0
IDFM:C01384;14;IDFM:490839;Hôpital Bicêtre;2.349946533239157;48.809971090725966;RATP;14;Metro;48.809971090725966, 2.349946533239157;Le Kremlin-Bicêtre;94043;0
IDFM:C01384;14;IDFM:490837;L'Haÿ-les-Roses;2.354991210566311;48.77532646395088;RATP;14;Metro;48.77532646395088, 2.354991210566311;L'Haÿ-les-Roses;94038;0
IDFM:C01384;14;IDFM:21961;Madeleine;2.3258100487932776;48.87054467671624;RATP;14;Metro;48.87054467671624, 2.3258100487932776;Paris;75056;0
IDFM:C01384;14;IDFM:480330;Mairie de Saint-Ouen;2.3335458072132695;48.91164217552501;RATP;14;Metro;48.91164217552501, 2.3335458072132695;Saint-Ouen-sur-Seine;93070;0
IDFM:C01384;14;IDFM:490848;Maison Blanche;2.358986576752596;48.82119024728473;RATP;14;Metro;48.82119024728473, 2.358986576752596;Paris;75056;0
IDFM:C01384;14;IDFM:21954;Olympiades;2.3669231215308075;48.827123441429386;RATP;14;Metro;48.827123441429386, 2.3669231215308075;Paris;75056;0
IDFM:C01384;14;IDFM:480286;Pont Cardinet;2.3151908648850013;48.888102389888395;RATP;14;Metro;48.888102389888395, 2.3151908648850013;Paris;75056;0
IDFM:C01384;14;IDFM:480531;Porte de Clichy;2.313404000186253;48.894333484274206;RATP;14;Metro;48.894333484274206, 2.313404000186253;Paris;75056;0
IDFM:C01384;14;IDFM:21960;Pyramides;2.3346236060049232;48.865755527376756;RATP;14;Metro;48.865755527376756, 2.3346236060049232;Paris;75056;0
IDFM:C01384;14;IDFM:490794;Saint-Denis - Pleyel;2.345886129823062;48.91873375567987;RATP;14;Metro;48.91873375567987, 2.345886129823062;Saint-Denis;93066;0
IDFM:C01384;14;IDFM:21962;Saint-Lazare;2.324122029700433;48.87560743718584;RATP;14;Metro;48.87560743718584, 2.324122029700433;Paris;75056;0
IDFM:C01384;14;IDFM:480341;Saint-Ouen;2.3227559546697414;48.90516956991565;RATP;14;Metro;48.90516956991565, 2.3227559546697414;Saint-Ouen-sur-Seine;93070;0
IDFM:C01384;14;IDFM:490852;Thiais - Orly​ (Pont de Rungis​);2.372466241689093;48.74684479207573;RATP;14;Metro;48.74684479207573, 2.372466241689093;Thiais;94073;0
IDFM:C01384;14;IDFM:490916;Villejuif - Gustave Roussy;2.3492565855239396;48.79323857984506;RATP;14;Metro;48.79323857984506, 2.3492565855239396;Villejuif;94076;0
IDFM:C01386;3B;IDFM:21945;Gambetta;2.398537305704572;48.865032564464;RATP;3B;Metro;48.865032564464, 2.398537305704572;Paris;75056;0
IDFM:C01386;3B;IDFM:21948;Pelleport;2.40160636134298;48.86842046799948;RATP;3B;Metro;48.86842046799948, 2.40160636134298;Paris;75056;0
IDFM:C01386;3B;IDFM:463262;Porte des Lilas;2.4069512666209;48.87663999703494;RATP;3B;Metro;48.87663999703494, 2.4069512666209;Paris;75056;0
IDFM:C01386;3B;IDFM:463071;Saint-Fargeau;2.404361344448241;48.871887658077014;RATP;3B;Metro;48.871887658077014, 2.404361344448241;Paris;75056;0
IDFM:C01387;7B;IDFM:24685;Bolivar;2.374124871187542;48.88078966297506;RATP;7B;Metro;48.88078966297506, 2.374124871187542;Paris;75056;0
IDFM:C01387;7B;IDFM:24686;Botzaris;2.388908111185046;48.87943610160117;RATP;7B;Metro;48.87943610160117, 2.388908111185046;Paris;75056;0
IDFM:C01387;7B;IDFM:24683;Buttes Chaumont;2.381569842088008;48.87849908839857;RATP;7B;Metro;48.87849908839857, 2.381569842088008;Paris;75056;0
IDFM:C01387;7B;IDFM:24687;Danube;2.393228471227492;48.88194921492064;RATP;7B;Metro;48.88194921492064, 2.393228471227492;Paris;75056;0
IDFM:C01387;7B;IDFM:463074;Jaurès;2.370465586581431;48.882326316477965;RATP;7B;Metro;48.882326316477965, 2.370465586581431;Paris;75056;0
IDFM:C01387;7B;IDFM:463034;Louis Blanc;2.364365143550256;48.88118341152446;RATP;7B;Metro;48.88118341152446, 2.364365143550256;Paris;75056;0
IDFM:C01387;7B;IDFM:24682;Place des Fêtes;2.392959616507311;48.87693859004261;RATP;7B;Metro;48.87693859004261, 2.392959616507311;Paris;75056;0
IDFM:C01387;7B;IDFM:24684;Pré-Saint-Gervais;2.398580770693528;48.8801595806643;RATP;7B;Metro;48.8801595806643, 2.398580770693528;Paris;75056;0